tick,Source 1.activity,Source 1.storage,Source 1.total,Buffering 2.activity,Buffering 2.storage,Buffering 2.total,Modulating 3.activity,Modulating 3.storage,Modulating 3.total,Buffering 4.activity,Buffering 4.storage,Buffering 4.total,Sink 5.activity,Sink 5.storage,Sink 5.total,Sensing 6.activity,Sensing 6.storage,Sensing 6.total
1,2,0,0,2,6,0,0,0,0,0.6,3.4,0,0,0,0,0.6,0,0
2,2,0,0,2,6,0,1.2,0,0,0.6,2.8000002,0,0.6,0,0.6,0.51000005,0,0
3,2,0,0,2,6,0,1.0200001,0,0,0.6,3.4,0,0.6,0,1.2,0.42000005,0,0
4,2,0,0,2,6,0,0.8400001,0,0,0.6,3.8200002,0,0.6,0,1.8000001,0.51000005,0,0
5,2,0,0,2,6,0,1.0200001,0,0,0.6,4.0600004,0,0.6,0,2.4,0.5730001,0,0
6,2,0,0,2,6,0,1.1460001,0,0,0.6,4.4800005,0,0.6,0,3,0.6090001,0,0
7,2,0,0,2,6,0,1.2180002,0,0,0.6,5.0260005,0,0.6,0,3.6,0.6720001,0,0
8,2,0,0,2,6,0,1.3440002,0,0,0.6,5.6440005,0,0.6,0,4.2,0.7539001,0,0
9,2,0,0,2,6,0,1.5078002,0,0,0.6,6.388001,0,0.6,0,4.7999997,0.8466001,0,0
10,2,0,0,2,6,0,1.6932002,0,0,0.6,7.295801,0,0.6,0,5.3999996,0.95820016,0,0
11,2,0,0,2,6,0,1.9164003,0,0,0.6,8.389001,0,0.6,0,5.9999995,1.0943702,0,0
12,2,0,0,2,6,0,2,0,0,0.6,9.7054,0,0.6,0,6.5999994,1.2583501,0,0
13,2,0,0,2,6,0,2,0,0,0.6,11.1054,0,0.6,0,7.1999993,1.4558101,0,0
14,2,0,0,2,6,0,2,0,0,0.6,12.5054,0,0.6,0,7.799999,1.6658101,0,0
15,2,0,0,2,6,0,2,0,0,0.6,13.905399,0,0.6,0,8.4,1.87581,0,0
16,2,0,0,2,6,0,2,0,0,0.6,15.305399,0,0.6,0,9,2.08581,0,0
17,2,0,0,2,6,0,2,0,0,0.6,16.705399,0,0.6,0,9.6,2.29581,0,0
18,2,0,0,2,6,0,2,0,0,0.6,18.105398,0,0.6,0,10.200001,2.5058098,0,0
19,2,0,0,2,6,0,2,0,0,0.6,19.505398,0,0.6,0,10.800001,2.7158098,0,0
20,2,0,0,2,6,0,2,0,0,0.6,20.905397,0,0.6,0,11.400002,2.9258099,0,0
21,2,0,0,2,6,0,2,0,0,0.6,22.305397,0,0.6,0,12.000002,3.1358097,0,0
22,2,0,0,2,6,0,2,0,0,0.6,23.705397,0,0.6,0,12.600002,3.3458097,0,0
23,2,0,0,2,6,0,2,0,0,0.6,25.105396,0,0.6,0,13.200003,3.5558097,0,0
24,2,0,0,2,6,0,2,0,0,0.6,26.505396,0,0.6,0,13.800003,3.7658095,0,0
25,2,0,0,2,6,0,2,0,0,0.6,27.905396,0,0.6,0,14.400003,3.9758096,0,0
26,2,0,0,2,6,0,2,0,0,0.6,29.305395,0,0.6,0,15.000004,4.1858096,0,0
27,2,0,0,2,6,0,2,0,0,0.6,30.705395,0,0.6,0,15.600004,4.3958097,0,0
28,2,0,0,2,6,0,2,0,0,0.6,32.105396,0,0.6,0,16.200005,4.605809,0,0
29,2,0,0,2,6,0,2,0,0,0.6,33.505398,0,0.6,0,16.800005,4.8158097,0,0
30,2,0,0,2,6,0,2,0,0,0.6,34.9054,0,0.6,0,17.400005,5.02581,0,0
31,2,0,0,2,6,0,2,0,0,0.6,36.3054,0,0.6,0,18.000006,5.2358103,0,0
32,2,0,0,2,6,0,2,0,0,0.6,37.705402,0,0.6,0,18.600006,5.4458103,0,0
33,2,0,0,2,6,0,2,0,0,0.6,39.105404,0,0.6,0,19.200006,5.6558104,0,0
34,2,0,0,2,6,0,2,0,0,0.6,40.505405,0,0.6,0,19.800007,5.865811,0,0
35,2,0,0,2,6,0,2,0,0,0.6,41.905407,0,0.6,0,20.400007,6.075811,0,0
36,2,0,0,2,6,0,2,0,0,0.6,43.30541,0,0.6,0,21.000008,6.2858114,0,0
37,2,0,0,2,6,0,2,0,0,0.6,44.70541,0,0.6,0,21.600008,6.4958115,0,0
38,2,0,0,2,6,0,2,0,0,0.6,46.10541,0,0.6,0,22.200008,6.705812,0,0
39,2,0,0,2,6,0,2,0,0,0.6,47.505413,0,0.6,0,22.800009,6.915812,0,0
40,2,0,0,2,6,0,2,0,0,0.6,48.905415,0,0.6,0,23.40001,7.125812,0,0
41,2,0,0,2,6,0,2,0,0,0.6,50.305416,0,0.6,0,24.00001,7.3358126,0,0
42,2,0,0,2,6,0,2,0,0,0.6,51.705418,0,0.6,0,24.60001,7.5458126,0,0
43,2,0,0,2,6,0,2,0,0,0.6,53.10542,0,0.6,0,25.20001,7.755813,0,0
44,2,0,0,2,6,0,2,0,0,0.6,54.50542,0,0.6,0,25.80001,7.965813,0,0
45,2,0,0,2,6,0,2,0,0,0.6,55.905422,0,0.6,0,26.400011,8.175814,0,0
46,2,0,0,2,6,0,2,0,0,0.6,57.305424,0,0.6,0,27.000011,8.385814,0,0
47,2,0,0,2,6,0,2,0,0,0.6,58.705425,0,0.6,0,27.600012,8.595814,0,0
48,2,0,0,2,6,0,2,0,0,0.6,60.105427,0,0.6,0,28.200012,8.805814,0,0
49,2,0,0,2,6,0,2,0,0,0.6,61.50543,0,0.6,0,28.800013,9.015815,0,0
50,2,0,0,2,6,0,2,0,0,0.6,62.90543,0,0.6,0,29.400013,9.225815,0,0
51,2,0,0,2,6,0,2,0,0,0.6,64.30543,0,0.6,0,30.000013,9.435815,0,0
52,2,0,0,2,6,0,2,0,0,0.6,65.70543,0,0.6,0,30.600014,9.645815,0,0
53,2,0,0,2,6,0,2,0,0,0.6,67.10543,0,0.6,0,31.200014,9.855815,0,0
54,2,0,0,2,6,0,2,0,0,0.6,68.50543,0,0.6,0,31.800014,10.065815,0,0
55,2,0,0,2,6,0,2,0,0,0.6,69.90543,0,0.6,0,32.400013,10.275815,0,0
56,2,0,0,2,6,0,2,0,0,0.6,71.305435,0,0.6,0,33.00001,10.485815,0,0
57,2,0,0,2,6,0,2,0,0,0.6,72.70544,0,0.6,0,33.60001,10.695816,0,0
58,2,0,0,2,6,0,2,0,0,0.6,74.10544,0,0.6,0,34.20001,10.905816,0,0
59,2,0,0,2,6,0,2,0,0,0.6,75.50544,0,0.6,0,34.800007,11.115816,0,0
60,2,0,0,2,6,0,2,0,0,0.6,76.90544,0,0.6,0,35.400005,11.325816,0,0
61,2,0,0,2,6,0,2,0,0,0.6,78.30544,0,0.6,0,36.000004,11.535816,0,0
62,2,0,0,2,6,0,2,0,0,0.6,79.705444,0,0.6,0,36.600002,11.745817,0,0
63,2,0,0,2,6,0,2,0,0,0.6,81.105446,0,0.6,0,37.2,11.955817,0,0
64,2,0,0,2,6,0,2,0,0,0.6,82.50545,0,0.6,0,37.8,12.165817,0,0
65,2,0,0,2,6,0,2,0,0,0.6,83.90545,0,0.6,0,38.399998,12.375817,0,0
66,2,0,0,2,6,0,2,0,0,0.6,85.30545,0,0.6,0,38.999996,12.585818,0,0
67,2,0,0,2,6,0,2,0,0,0.6,86.70545,0,0.6,0,39.599995,12.795818,0,0
68,2,0,0,2,6,0,2,0,0,0.6,88.10545,0,0.6,0,40.199993,13.005818,0,0
69,2,0,0,2,6,0,2,0,0,0.6,89.505455,0,0.6,0,40.79999,13.215818,0,0
70,2,0,0,2,6,0,2,0,0,0.6,90.90546,0,0.6,0,41.39999,13.425818,0,0
71,2,0,0,2,6,0,2,0,0,0.6,92.30546,0,0.6,0,41.99999,13.635819,0,0
72,2,0,0,2,6,0,2,0,0,0.6,93.70546,0,0.6,0,42.599987,13.845819,0,0
73,2,0,0,2,6,0,2,0,0,0.6,95.10546,0,0.6,0,43.199986,14.0558195,0,0
74,2,0,0,2,6,0,2,0,0,0.6,96.50546,0,0.6,0,43.799984,14.26582,0,0
75,2,0,0,2,6,0,2,0,0,0.6,97.905464,0,0.6,0,44.399982,14.47582,0,0
76,2,0,0,2,6,0,2,0,0,0.6,99.305466,0,0.6,0,44.99998,14.685821,0,0
77,2,0,0,2,6,0,2,0,0,0.6,100.70547,0,0.6,0,45.59998,14.895821,0,0
78,2,0,0,2,6,0,2,0,0,0.6,102.10547,0,0.6,0,46.199978,15.105821,0,0
79,2,0,0,2,6,0,2,0,0,0.6,103.50547,0,0.6,0,46.799976,15.315821,0,0
80,2,0,0,2,6,0,2,0,0,0.6,104.90547,0,0.6,0,47.399975,15.525821,0,0
81,2,0,0,2,6,0,2,0,0,0.6,106.30547,0,0.6,0,47.999973,15.735822,0,0
82,2,0,0,2,6,0,2,0,0,0.6,107.705475,0,0.6,0,48.59997,15.945822,0,0
83,2,0,0,2,6,0,2,0,0,0.6,109.10548,0,0.6,0,49.19997,16.155823,0,0
84,2,0,0,2,6,0,2,0,0,0.6,110.50548,0,0.6,0,49.79997,16.365822,0,0
85,2,0,0,2,6,0,2,0,0,0.6,111.90548,0,0.6,0,50.399967,16.575823,0,0
86,2,0,0,2,6,0,2,0,0,0.6,113.30548,0,0.6,0,50.999966,16.785822,0,0
87,2,0,0,2,6,0,2,0,0,0.6,114.70548,0,0.6,0,51.599964,16.995823,0,0
88,2,0,0,2,6,0,2,0,0,0.6,116.105484,0,0.6,0,52.199963,17.205824,0,0
89,2,0,0,2,6,0,2,0,0,0.6,117.505486,0,0.6,0,52.79996,17.415823,0,0
90,2,0,0,2,6,0,2,0,0,0.6,118.90549,0,0.6,0,53.39996,17.625824,0,0
91,2,0,0,2,6,0,2,0,0,0.6,120.30549,0,0.6,0,53.999958,17.835823,0,0
92,2,0,0,2,6,0,2,0,0,0.6,121.70549,0,0.6,0,54.599957,18.045824,0,0
93,2,0,0,2,6,0,2,0,0,0.6,123.10549,0,0.6,0,55.199955,18.255825,0,0
94,2,0,0,2,6,0,2,0,0,0.6,124.50549,0,0.6,0,55.799953,18.465824,0,0
95,2,0,0,2,6,0,2,0,0,0.6,125.905495,0,0.6,0,56.399952,18.675825,0,0
96,2,0,0,2,6,0,2,0,0,0.6,127.3055,0,0.6,0,56.99995,18.885824,0,0
97,2,0,0,2,6,0,2,0,0,0.6,128.70549,0,0.6,0,57.59995,19.095825,0,0
98,2,0,0,2,6,0,2,0,0,0.6,130.10548,0,0.6,0,58.199947,19.305824,0,0
99,2,0,0,2,6,0,2,0,0,0.6,131.50548,0,0.6,0,58.799946,19.515823,0,0
100,2,0,0,2,6,0,2,0,0,0.6,132.90547,0,0.6,0,59.399944,19.725822,0,0
101,2,0,0,2,6,0,2,0,0,0.6,134.30547,0,0.6,0,59.999943,19.935822,0,0
102,2,0,0,2,6,0,2,0,0,0.6,135.70546,0,0.6,0,60.59994,20.14582,0,0
103,2,0,0,2,6,0,2,0,0,0.6,137.10545,0,0.6,0,61.19994,20.35582,0,0
104,2,0,0,2,6,0,2,0,0,0.6,138.50545,0,0.6,0,61.79994,20.565819,0,0
105,2,0,0,2,6,0,2,0,0,0.6,139.90544,0,0.6,0,62.399937,20.775818,0,0
106,2,0,0,2,6,0,2,0,0,0.6,141.30544,0,0.6,0,62.999935,20.985817,0,0
107,2,0,0,2,6,0,2,0,0,0.6,142.70543,0,0.6,0,63.599934,21.195816,0,0
108,2,0,0,2,6,0,2,0,0,0.6,144.10542,0,0.6,0,64.199936,21.405815,0,0
109,2,0,0,2,6,0,2,0,0,0.6,145.50542,0,0.6,0,64.799934,21.615814,0,0
110,2,0,0,2,6,0,2,0,0,0.6,146.90541,0,0.6,0,65.39993,21.825813,0,0
111,2,0,0,2,6,0,2,0,0,0.6,148.3054,0,0.6,0,65.99993,22.035812,0,0
112,2,0,0,2,6,0,2,0,0,0.6,149.7054,0,0.6,0,66.59993,22.245811,0,0
113,2,0,0,2,6,0,2,0,0,0.6,151.1054,0,0.6,0,67.19993,22.45581,0,0
114,2,0,0,2,6,0,2,0,0,0.6,152.50539,0,0.6,0,67.79993,22.66581,0,0
115,2,0,0,2,6,0,2,0,0,0.6,153.90538,0,0.6,0,68.399925,22.875809,0,0
116,2,0,0,2,6,0,2,0,0,0.6,155.30537,0,0.6,0,68.99992,23.085808,0,0
117,2,0,0,2,6,0,2,0,0,0.6,156.70537,0,0.6,0,69.59992,23.295807,0,0
118,2,0,0,2,6,0,2,0,0,0.6,158.10536,0,0.6,0,70.19992,23.505806,0,0
119,2,0,0,2,6,0,2,0,0,0.6,159.50536,0,0.6,0,70.79992,23.715805,0,0
120,2,0,0,2,6,0,2,0,0,0.6,160.90535,0,0.6,0,71.39992,23.925804,0,0
121,2,0,0,2,6,0,2,0,0,0.6,162.30534,0,0.6,0,71.999916,24.135803,0,0
122,2,0,0,2,6,0,2,0,0,0.6,163.70534,0,0.6,0,72.599915,24.345802,0,0
123,2,0,0,2,6,0,2,0,0,0.6,165.10533,0,0.6,0,73.19991,24.555801,0,0
124,2,0,0,2,6,0,2,0,0,0.6,166.50533,0,0.6,0,73.79991,24.7658,0,0
125,2,0,0,2,6,0,2,0,0,0.6,167.90532,0,0.6,0,74.39991,24.9758,0,0
126,2,0,0,2,6,0,2,0,0,0.6,169.30531,0,0.6,0,74.99991,25.185799,0,0
127,2,0,0,2,6,0,2,0,0,0.6,170.7053,0,0.6,0,75.59991,25.395798,0,0
128,2,0,0,2,6,0,2,0,0,0.6,172.1053,0,0.6,0,76.199905,25.605797,0,0
129,2,0,0,2,6,0,2,0,0,0.6,173.5053,0,0.6,0,76.799904,25.815796,0,0
130,2,0,0,2,6,0,2,0,0,0.6,174.90529,0,0.6,0,77.3999,26.025795,0,0
131,2,0,0,2,6,0,2,0,0,0.6,176.30528,0,0.6,0,77.9999,26.235794,0,0
132,2,0,0,2,6,0,2,0,0,0.6,177.70528,0,0.6,0,78.5999,26.445793,0,0
133,2,0,0,2,6,0,2,0,0,0.6,179.10527,0,0.6,0,79.1999,26.655792,0,0
134,2,0,0,2,6,0,2,0,0,0.6,180.50526,0,0.6,0,79.7999,26.865791,0,0
135,2,0,0,2,6,0,2,0,0,0.6,181.90526,0,0.6,0,80.399895,27.07579,0,0
136,2,0,0,2,6,0,2,0,0,0.6,183.30525,0,0.6,0,80.99989,27.28579,0,0
137,2,0,0,2,6,0,2,0,0,0.6,184.70525,0,0.6,0,81.59989,27.495789,0,0
138,2,0,0,2,6,0,2,0,0,0.6,186.10524,0,0.6,0,82.19989,27.705788,0,0
139,2,0,0,2,6,0,2,0,0,0.6,187.50523,0,0.6,0,82.79989,27.915787,0,0
140,2,0,0,2,6,0,2,0,0,0.6,188.90523,0,0.6,0,83.39989,28.125786,0,0
141,2,0,0,2,6,0,2,0,0,0.6,190.30522,0,0.6,0,83.999886,28.335785,0,0
142,2,0,0,2,6,0,2,0,0,0.6,191.70522,0,0.6,0,84.599884,28.545784,0,0
143,2,0,0,2,6,0,2,0,0,0.6,193.10521,0,0.6,0,85.19988,28.755783,0,0
144,2,0,0,2,6,0,2,0,0,0.6,194.5052,0,0.6,0,85.79988,28.965782,0,0
145,2,0,0,2,6,0,2,0,0,0.6,195.9052,0,0.6,0,86.39988,29.175781,0,0
146,2,0,0,2,6,0,2,0,0,0.6,197.30519,0,0.6,0,86.99988,29.38578,0,0
147,2,0,0,2,6,0,2,0,0,0.6,198.70518,0,0.6,0,87.59988,29.59578,0,0
148,2,0,0,2,6,0,2,0,0,0.6,200.10518,0,0.6,0,88.199875,29.805779,0,0
149,2,0,0,2,6,0,2,0,0,0.6,201.50517,0,0.6,0,88.79987,30.015778,0,0
150,2,0,0,2,6,0,2,0,0,0.6,202.90517,0,0.6,0,89.39987,30.225777,0,0
151,2,0,0,2,6,0,2,0,0,0.6,204.30516,0,0.6,0,89.99987,30.435776,0,0
152,2,0,0,2,6,0,2,0,0,0.6,205.70515,0,0.6,0,90.59987,30.645775,0,0
153,2,0,0,2,6,0,2,0,0,0.6,207.10515,0,0.6,0,91.19987,30.855774,0,0
154,2,0,0,2,6,0,2,0,0,0.6,208.50514,0,0.6,0,91.799866,31.065773,0,0
155,2,0,0,2,6,0,2,0,0,0.6,209.90514,0,0.6,0,92.399864,31.275772,0,0
156,2,0,0,2,6,0,2,0,0,0.6,211.30513,0,0.6,0,92.99986,31.485771,0,0
157,2,0,0,2,6,0,2,0,0,0.6,212.70512,0,0.6,0,93.59986,31.69577,0,0
158,2,0,0,2,6,0,2,0,0,0.6,214.10512,0,0.6,0,94.19986,31.90577,0,0
159,2,0,0,2,6,0,2,0,0,0.6,215.50511,0,0.6,0,94.79986,32.11577,0,0
160,2,0,0,2,6,0,2,0,0,0.6,216.9051,0,0.6,0,95.39986,32.325768,0,0
161,2,0,0,2,6,0,2,0,0,0.6,218.3051,0,0.6,0,95.999855,32.535767,0,0
162,2,0,0,2,6,0,2,0,0,0.6,219.7051,0,0.6,0,96.59985,32.745766,0,0
163,2,0,0,2,6,0,2,0,0,0.6,221.10509,0,0.6,0,97.19985,32.955765,0,0
164,2,0,0,2,6,0,2,0,0,0.6,222.50508,0,0.6,0,97.79985,33.165764,0,0
165,2,0,0,2,6,0,2,0,0,0.6,223.90508,0,0.6,0,98.39985,33.375763,0,0
166,2,0,0,2,6,0,2,0,0,0.6,225.30507,0,0.6,0,98.99985,33.585762,0,0
167,2,0,0,2,6,0,2,0,0,0.6,226.70506,0,0.6,0,99.599846,33.79576,0,0
168,2,0,0,2,6,0,2,0,0,0.6,228.10506,0,0.6,0,100.199844,34.00576,0,0
169,2,0,0,2,6,0,2,0,0,0.6,229.50505,0,0.6,0,100.79984,34.21576,0,0
170,2,0,0,2,6,0,2,0,0,0.6,230.90504,0,0.6,0,101.39984,34.42576,0,0
171,2,0,0,2,6,0,2,0,0,0.6,232.30504,0,0.6,0,101.99984,34.635757,0,0
172,2,0,0,2,6,0,2,0,0,0.6,233.70503,0,0.6,0,102.59984,34.845757,0,0
173,2,0,0,2,6,0,2,0,0,0.6,235.10503,0,0.6,0,103.19984,35.055756,0,0
174,2,0,0,2,6,0,2,0,0,0.6,236.50502,0,0.6,0,103.799835,35.265755,0,0
175,2,0,0,2,6,0,2,0,0,0.6,237.90501,0,0.6,0,104.39983,35.475754,0,0
176,2,0,0,2,6,0,2,0,0,0.6,239.30501,0,0.6,0,104.99983,35.685753,0,0
177,2,0,0,2,6,0,2,0,0,0.6,240.705,0,0.6,0,105.59983,35.895752,0,0
178,2,0,0,2,6,0,2,0,0,0.6,242.105,0,0.6,0,106.19983,36.10575,0,0
179,2,0,0,2,6,0,2,0,0,0.6,243.50499,0,0.6,0,106.79983,36.31575,0,0
180,2,0,0,2,6,0,2,0,0,0.6,244.90498,0,0.6,0,107.399826,36.52575,0,0
181,2,0,0,2,6,0,2,0,0,0.6,246.30498,0,0.6,0,107.999825,36.73575,0,0
182,2,0,0,2,6,0,2,0,0,0.6,247.70497,0,0.6,0,108.59982,36.945747,0,0
183,2,0,0,2,6,0,2,0,0,0.6,249.10497,0,0.6,0,109.19982,37.155746,0,0
184,2,0,0,2,6,0,2,0,0,0.6,250.50496,0,0.6,0,109.79982,37.365746,0,0
185,2,0,0,2,6,0,2,0,0,0.6,251.90495,0,0.6,0,110.39982,37.575745,0,0
186,2,0,0,2,6,0,2,0,0,0.6,253.30495,0,0.6,0,110.99982,37.785744,0,0
187,2,0,0,2,6,0,2,0,0,0.6,254.70494,0,0.6,0,111.599815,37.995743,0,0
188,2,0,0,2,6,0,2,0,0,0.6,256.10495,0,0.6,0,112.199814,38.20574,0,0
189,2,0,0,2,6,0,2,0,0,0.6,257.50494,0,0.6,0,112.79981,38.415745,0,0
190,2,0,0,2,6,0,2,0,0,0.6,258.90494,0,0.6,0,113.39981,38.625744,0,0
191,2,0,0,2,6,0,2,0,0,0.6,260.30493,0,0.6,0,113.99981,38.835743,0,0
192,2,0,0,2,6,0,2,0,0,0.6,261.70493,0,0.6,0,114.59981,39.045742,0,0
193,2,0,0,2,6,0,2,0,0,0.6,263.10492,0,0.6,0,115.19981,39.25574,0,0
194,2,0,0,2,6,0,2,0,0,0.6,264.5049,0,0.6,0,115.799805,39.46574,0,0
195,2,0,0,2,6,0,2,0,0,0.6,265.9049,0,0.6,0,116.3998,39.67574,0,0
196,2,0,0,2,6,0,2,0,0,0.6,267.3049,0,0.6,0,116.9998,39.88574,0,0
197,2,0,0,2,6,0,2,0,0,0.6,268.7049,0,0.6,0,117.5998,40.095737,0,0
198,2,0,0,2,6,0,2,0,0,0.6,270.1049,0,0.6,0,118.1998,40.305737,0,0
199,2,0,0,2,6,0,2,0,0,0.6,271.50488,0,0.6,0,118.7998,40.515736,0,0
200,2,0,0,2,6,0,2,0,0,0.6,272.90488,0,0.6,0,119.399796,40.725735,0,0
201,2,0,0,2,6,0,2,0,0,0.6,274.30487,0,0.6,0,119.999794,40.935734,0,0
202,2,0,0,2,6,0,2,0,0,0.6,275.70486,0,0.6,0,120.59979,41.145733,0,0
203,2,0,0,2,6,0,2,0,0,0.6,277.10486,0,0.6,0,121.19979,41.355732,0,0
204,2,0,0,2,6,0,2,0,0,0.6,278.50485,0,0.6,0,121.79979,41.56573,0,0
205,2,0,0,2,6,0,2,0,0,0.6,279.90485,0,0.6,0,122.39979,41.77573,0,0
206,2,0,0,2,6,0,2,0,0,0.6,281.30484,0,0.6,0,122.99979,41.98573,0,0
207,2,0,0,2,6,0,2,0,0,0.6,282.70483,0,0.6,0,123.599785,42.19573,0,0
208,2,0,0,2,6,0,2,0,0,0.6,284.10483,0,0.6,0,124.19978,42.405727,0,0
209,2,0,0,2,6,0,2,0,0,0.6,285.50482,0,0.6,0,124.79978,42.615726,0,0
210,2,0,0,2,6,0,2,0,0,0.6,286.90482,0,0.6,0,125.39978,42.825726,0,0
211,2,0,0,2,6,0,2,0,0,0.6,288.3048,0,0.6,0,125.99978,43.035725,0,0
212,2,0,0,2,6,0,2,0,0,0.6,289.7048,0,0.6,0,126.59978,43.245724,0,0
213,2,0,0,2,6,0,2,0,0,0.6,291.1048,0,0.6,0,127.199776,43.455723,0,0
214,2,0,0,2,6,0,2,0,0,0.6,292.5048,0,0.6,0,127.799774,43.66572,0,0
215,2,0,0,2,6,0,2,0,0,0.6,293.9048,0,0.6,0,128.39978,43.87572,0,0
216,2,0,0,2,6,0,2,0,0,0.6,295.30478,0,0.6,0,128.99979,44.08572,0,0
217,2,0,0,2,6,0,2,0,0,0.6,296.70477,0,0.6,0,129.5998,44.29572,0,0
218,2,0,0,2,6,0,2,0,0,0.6,298.10477,0,0.6,0,130.1998,44.50572,0,0
219,2,0,0,2,6,0,2,0,0,0.6,299.50476,0,0.6,0,130.7998,44.715717,0,0
220,2,0,0,2,6,0,2,0,0,0.6,300.90475,0,0.6,0,131.39981,44.925716,0,0
221,2,0,0,2,6,0,2,0,0,0.6,302.30475,0,0.6,0,131.99982,45.135715,0,0
222,2,0,0,2,6,0,2,0,0,0.6,303.70474,0,0.6,0,132.59982,45.345715,0,0
223,2,0,0,2,6,0,2,0,0,0.6,305.10474,0,0.6,0,133.19983,45.555714,0,0
224,2,0,0,2,6,0,2,0,0,0.6,306.50473,0,0.6,0,133.79984,45.765713,0,0
225,2,0,0,2,6,0,2,0,0,0.6,307.90472,0,0.6,0,134.39984,45.97571,0,0
226,2,0,0,2,6,0,2,0,0,0.6,309.30472,0,0.6,0,134.99985,46.18571,0,0
227,2,0,0,2,6,0,2,0,0,0.6,310.7047,0,0.6,0,135.59985,46.39571,0,0
228,2,0,0,2,6,0,2,0,0,0.6,312.1047,0,0.6,0,136.19986,46.60571,0,0
229,2,0,0,2,6,0,2,0,0,0.6,313.5047,0,0.6,0,136.79987,46.81571,0,0
230,2,0,0,2,6,0,2,0,0,0.6,314.9047,0,0.6,0,137.39987,47.025707,0,0
231,2,0,0,2,6,0,2,0,0,0.6,316.3047,0,0.6,0,137.99988,47.235706,0,0
232,2,0,0,2,6,0,2,0,0,0.6,317.70468,0,0.6,0,138.59988,47.445705,0,0
233,2,0,0,2,6,0,2,0,0,0.6,319.10468,0,0.6,0,139.19989,47.655704,0,0
234,2,0,0,2,6,0,2,0,0,0.6,320.50467,0,0.6,0,139.7999,47.865704,0,0
235,2,0,0,2,6,0,2,0,0,0.6,321.90466,0,0.6,0,140.3999,48.075703,0,0
236,2,0,0,2,6,0,2,0,0,0.6,323.30466,0,0.6,0,140.99991,48.2857,0,0
237,2,0,0,2,6,0,2,0,0,0.6,324.70465,0,0.6,0,141.59991,48.4957,0,0
238,2,0,0,2,6,0,2,0,0,0.6,326.10464,0,0.6,0,142.19992,48.7057,0,0
239,2,0,0,2,6,0,2,0,0,0.6,327.50464,0,0.6,0,142.79993,48.9157,0,0
240,2,0,0,2,6,0,2,0,0,0.6,328.90463,0,0.6,0,143.39993,49.125698,0,0
241,2,0,0,2,6,0,2,0,0,0.6,330.30463,0,0.6,0,143.99994,49.335697,0,0
242,2,0,0,2,6,0,2,0,0,0.6,331.70462,0,0.6,0,144.59995,49.545696,0,0
243,2,0,0,2,6,0,2,0,0,0.6,333.1046,0,0.6,0,145.19995,49.755695,0,0
244,2,0,0,2,6,0,2,0,0,0.6,334.5046,0,0.6,0,145.79996,49.965694,0,0
245,2,0,0,2,6,0,2,0,0,0.6,335.9046,0,0.6,0,146.39996,50.175694,0,0
246,2,0,0,2,6,0,2,0,0,0.6,337.3046,0,0.6,0,146.99997,50.385693,0,0
247,2,0,0,2,6,0,2,0,0,0.6,338.7046,0,0.6,0,147.59998,50.59569,0,0
248,2,0,0,2,6,0,2,0,0,0.6,340.10458,0,0.6,0,148.19998,50.80569,0,0
249,2,0,0,2,6,0,2,0,0,0.6,341.50458,0,0.6,0,148.79999,51.01569,0,0
250,2,0,0,2,6,0,2,0,0,0.6,342.90457,0,0.6,0,149.4,51.22569,0,0
251,2,0,0,2,6,0,2,0,0,0.6,344.30457,0,0.6,0,150,51.435688,0,0
252,2,0,0,2,6,0,2,0,0,0.6,345.70456,0,0.6,0,150.6,51.645687,0,0
253,2,0,0,2,6,0,2,0,0,0.6,347.10455,0,0.6,0,151.20001,51.855686,0,0
254,2,0,0,2,6,0,2,0,0,0.6,348.50455,0,0.6,0,151.80002,52.065685,0,0
255,2,0,0,2,6,0,2,0,0,0.6,349.90454,0,0.6,0,152.40002,52.275684,0,0
256,2,0,0,2,6,0,2,0,0,0.6,351.30453,0,0.6,0,153.00003,52.485683,0,0
257,2,0,0,2,6,0,2,0,0,0.6,352.70453,0,0.6,0,153.60004,52.695683,0,0
258,2,0,0,2,6,0,2,0,0,0.6,354.10452,0,0.6,0,154.20004,52.90568,0,0
259,2,0,0,2,6,0,2,0,0,0.6,355.50452,0,0.6,0,154.80005,53.11568,0,0
260,2,0,0,2,6,0,2,0,0,0.6,356.9045,0,0.6,0,155.40005,53.32568,0,0
261,2,0,0,2,6,0,2,0,0,0.6,358.3045,0,0.6,0,156.00006,53.53568,0,0
262,2,0,0,2,6,0,2,0,0,0.6,359.7045,0,0.6,0,156.60007,53.745678,0,0
263,2,0,0,2,6,0,2,0,0,0.6,361.1045,0,0.6,0,157.20007,53.955677,0,0
264,2,0,0,2,6,0,2,0,0,0.6,362.5045,0,0.6,0,157.80008,54.165676,0,0
265,2,0,0,2,6,0,2,0,0,0.6,363.90448,0,0.6,0,158.40009,54.375675,0,0
266,2,0,0,2,6,0,2,0,0,0.6,365.30447,0,0.6,0,159.00009,54.585674,0,0
267,2,0,0,2,6,0,2,0,0,0.6,366.70447,0,0.6,0,159.6001,54.795673,0,0
268,2,0,0,2,6,0,2,0,0,0.6,368.10446,0,0.6,0,160.2001,55.005672,0,0
269,2,0,0,2,6,0,2,0,0,0.6,369.50446,0,0.6,0,160.80011,55.21567,0,0
270,2,0,0,2,6,0,2,0,0,0.6,370.90445,0,0.6,0,161.40012,55.42567,0,0
271,2,0,0,2,6,0,2,0,0,0.6,372.30444,0,0.6,0,162.00012,55.63567,0,0
272,2,0,0,2,6,0,2,0,0,0.6,373.70444,0,0.6,0,162.60013,55.84567,0,0
273,2,0,0,2,6,0,2,0,0,0.6,375.10443,0,0.6,0,163.20013,56.055668,0,0
274,2,0,0,2,6,0,2,0,0,0.6,376.50443,0,0.6,0,163.80014,56.265667,0,0
275,2,0,0,2,6,0,2,0,0,0.6,377.90442,0,0.6,0,164.40015,56.475666,0,0
276,2,0,0,2,6,0,2,0,0,0.6,379.3044,0,0.6,0,165.00015,56.685665,0,0
277,2,0,0,2,6,0,2,0,0,0.6,380.7044,0,0.6,0,165.60016,56.895664,0,0
278,2,0,0,2,6,0,2,0,0,0.6,382.1044,0,0.6,0,166.20016,57.105663,0,0
279,2,0,0,2,6,0,2,0,0,0.6,383.5044,0,0.6,0,166.80017,57.315662,0,0
280,2,0,0,2,6,0,2,0,0,0.6,384.9044,0,0.6,0,167.40018,57.52566,0,0
281,2,0,0,2,6,0,2,0,0,0.6,386.30438,0,0.6,0,168.00018,57.73566,0,0
282,2,0,0,2,6,0,2,0,0,0.6,387.70438,0,0.6,0,168.60019,57.94566,0,0
283,2,0,0,2,6,0,2,0,0,0.6,389.10437,0,0.6,0,169.2002,58.15566,0,0
284,2,0,0,2,6,0,2,0,0,0.6,390.50436,0,0.6,0,169.8002,58.365658,0,0
285,2,0,0,2,6,0,2,0,0,0.6,391.90436,0,0.6,0,170.4002,58.575657,0,0
286,2,0,0,2,6,0,2,0,0,0.6,393.30435,0,0.6,0,171.00021,58.785656,0,0
287,2,0,0,2,6,0,2,0,0,0.6,394.70435,0,0.6,0,171.60022,58.995655,0,0
288,2,0,0,2,6,0,2,0,0,0.6,396.10434,0,0.6,0,172.20023,59.205654,0,0
289,2,0,0,2,6,0,2,0,0,0.6,397.50433,0,0.6,0,172.80023,59.415653,0,0
290,2,0,0,2,6,0,2,0,0,0.6,398.90433,0,0.6,0,173.40024,59.625652,0,0
291,2,0,0,2,6,0,2,0,0,0.6,400.30432,0,0.6,0,174.00024,59.83565,0,0
292,2,0,0,2,6,0,2,0,0,0.6,401.7043,0,0.6,0,174.60025,60.04565,0,0
293,2,0,0,2,6,0,2,0,0,0.6,403.1043,0,0.6,0,175.20026,60.25565,0,0
294,2,0,0,2,6,0,2,0,0,0.6,404.5043,0,0.6,0,175.80026,60.46565,0,0
295,2,0,0,2,6,0,2,0,0,0.6,405.9043,0,0.6,0,176.40027,60.675648,0,0
296,2,0,0,2,6,0,2,0,0,0.6,407.3043,0,0.6,0,177.00027,60.885647,0,0
297,2,0,0,2,6,0,2,0,0,0.6,408.70428,0,0.6,0,177.60028,61.095646,0,0
298,2,0,0,2,6,0,2,0,0,0.6,410.10428,0,0.6,0,178.20029,61.305645,0,0
299,2,0,0,2,6,0,2,0,0,0.6,411.50427,0,0.6,0,178.8003,61.515644,0,0
300,2,0,0,2,6,0,2,0,0,0.6,412.90427,0,0.6,0,179.4003,61.725643,0,0
