tick,Source 1.activity,Source 1.storage,Source 1.total,Buffering 2.activity,Buffering 2.storage,Buffering 2.total,Modulating 3.activity,Modulating 3.storage,Modulating 3.total,Propelling 4.activity,Propelling 4.storage,Propelling 4.total,Buffering 5.activity,Buffering 5.storage,Buffering 5.total,Sink 6.activity,Sink 6.storage,Sink 6.total,Sensing 7.activity,Sensing 7.storage,Sensing 7.total
1,2,0,0,0,8,0,0,0,0,0,0,0,0.5,3.5,0,0,0,0,0.16,0,0
2,2,0,0,0.5333333,9.466667,0,0,0,0,0,0,0,0.4375,3.0625,0,0.5,0,0.5,0.14,0,0
3,2,0,0,0.5351111,10.931556,0,0.5333333,0,0,0,0,0,0.3828125,2.6796875,0,0.4375,0,0.9375,0.122499995,0,0
4,2,0,0,0.5280385,12.403517,0,0.5351111,0,0,0.26666665,0,0,0.33496094,2.3447266,0,0.3828125,0,1.3203125,0.107187495,0,0
5,2,0,0,0.5146256,13.888891,0,0.5280385,0,0,0.26755556,0,0,0.32642415,2.284969,0,0.33496094,0,1.6552734,0.09378906,0,0
6,2,0,0,0.49673474,15.392157,0,0.5146256,0,0,0.26401925,0,0,0.31906557,2.233459,0,0.32642415,0,1.9816976,0.09139876,0,0
7,2,0,0,0.52987385,16.862282,0,0.49673474,0,0,0.2573128,0,0,0.31218478,2.1852934,0,0.31906557,0,2.3007631,0.089338355,0,0
8,2,0,0,0.56170845,18.300573,0,0.52987385,0,0,0.24836737,0,0,0.30532578,2.1372805,0,0.31218478,0,2.612948,0.08741174,0,0
9,2,0,0,0.5915028,19.70907,0,0.56170845,0,0,0.26493692,0,0,0.29820597,2.087442,0,0.30532578,0,2.9182737,0.08549122,0,0
10,2,0,0,0.61864495,21.090425,0,0.5915028,0,0,0.28085423,0,0,0.29404736,2.0583315,0,0.29820597,0,3.2164798,0.08349767,0,0
11,2,0,0,0.64266557,22.44776,0,0.61864495,0,0,0.2957514,0,0,0.2923982,2.0467875,0,0.29404736,0,3.5105271,0.08233326,0,0
12,2,0,0,0.6709545,23.776806,0,0.64266557,0,0,0.30932248,0,0,0.29281735,2.0497215,0,0.2923982,0,3.8029253,0.081871495,0,0
13,2,0,0,0.7034619,25.073343,0,0.6709545,0,0,0.32133278,0,0,0.2948805,2.0641637,0,0.29281735,0,4.0957427,0.081988856,0,0
14,2,0,0,0.7399041,26.333439,0,0.7034619,0,0,0.33547726,0,0,0.29818705,2.0873094,0,0.2948805,0,4.390623,0.082566544,0,0
15,2,0,0,0.7797981,27.55364,0,0.7399041,0,0,0.35173094,0,0,0.30284834,2.1199384,0,0.29818705,0,4.6888103,0.083492376,0,0
16,2,0,0,0.82250124,28.731138,0,0.7797981,0,0,0.36995205,0,0,0.30895865,2.1627107,0,0.30284834,0,4.9916587,0.08479753,0,0
17,2,0,0,0.86864156,29.862497,0,0.82250124,0,0,0.38989905,0,0,0.31658283,2.2160797,0,0.30895865,0,5.300617,0.08650842,0,0
18,2,0,0,0.9187915,30.943707,0,0.86864156,0,0,0.41125062,0,0,0.32574734,2.2802315,0,0.31658283,0,5.6172,0.088643186,0,0
19,2,0,0,0.9734117,31.970295,0,0.9187915,0,0,0.43432078,0,0,0.33643526,2.3550467,0,0.32574734,0,5.9429474,0.091209255,0,0
20,2,0,0,1.0328017,32.937492,0,0.9734117,0,0,0.45939574,0,0,0.34867093,2.4406965,0,0.33643526,0,6.2793827,0.09420187,0,0
21,2,0,0,1.0970591,33.840435,0,1.0328017,0,0,0.48670584,0,0,0.36251152,2.5375805,0,0.34867093,0,6.6280537,0.097627856,0,0
22,2,0,0,1.1663417,34.674095,0,1.0970591,0,0,0.5164009,0,0,0.37803578,2.6462505,0,0.36251152,0,6.9905653,0.101503216,0,0
23,2,0,0,1.2408462,35.43325,0,1.1663417,0,0,0.54852957,0,0,0.3953314,2.76732,0,0.37803578,0,7.368601,0.10585002,0,0
24,2,0,0,1.32077,36.11248,0,1.2408462,0,0,0.58317083,0,0,0.4144812,2.9013684,0,0.3953314,0,7.763932,0.11069279,0,0
25,2,0,0,1.406259,36.706223,0,1.32077,0,0,0.6204231,0,0,0.4355674,3.048972,0,0.4144812,0,8.178413,0.116054736,0,0
26,2,0,0,1.4973468,37.208878,0,1.406259,0,0,0.660385,0,0,0.45867437,3.2107205,0,0.4355674,0,8.613981,0.121958874,0,0
27,2,0,0,1.5939568,37.61492,0,1.4973468,0,0,0.7031295,0,0,0.4838882,3.3872175,0,0.45867437,0,9.072656,0.12842882,0,0
28,2,0,0,1.6958992,37.91902,0,1.5939568,0,0,0.7486734,0,0,0.51129335,3.5790534,0,0.4838882,0,9.556544,0.1354887,0,0
29,2,0,0,1.8028588,38.11616,0,1.6958992,0,0,0.7969784,0,0,0.54096586,3.786761,0,0.51129335,0,10.067838,0.14316213,0,0
30,2,0,0,1.9143717,38.20179,0,1.8028588,0,0,0.8479496,0,0,0.5729674,4.0107718,0,0.54096586,0,10.608804,0.15147044,0,0
31,2,0,0,2.0297942,38.171997,0,1.9143717,0,0,0.9014294,0,0,0.60734016,4.251381,0,0.5729674,0,11.181771,0.16043086,0,0
32,2,0,0,2.148276,38.02372,0,2.0297942,0,0,0.95718586,0,0,0.64410126,4.508709,0,0.60734016,0,11.789111,0.17005524,0,0
33,2,0,0,2.2687478,37.75497,0,2.148276,0,0,1.0148971,0,0,0.68323684,4.7826576,0,0.64410126,0,12.433212,0.18034835,0,0
34,2,0,0,2.3899145,37.365055,0,2.2687478,0,0,1.074138,0,0,0.7246944,5.0728607,0,0.68323684,0,13.116449,0.19130631,0,0
35,2,0,0,2.510261,36.854794,0,2.3899145,0,0,1.1343739,0,0,0.76837486,5.378624,0,0.7246944,0,13.841144,0.20291442,0,0
36,2,0,0,2.628066,36.226727,0,2.510261,0,0,1.1949573,0,0,0.8141247,5.698873,0,0.76837486,0,14.609518,0.21514495,0,0
37,2,0,0,2.7414289,35.4853,0,2.628066,0,0,1.2551305,0,0,0.8617288,6.0321016,0,0.8141247,0,15.423643,0.22795491,0,0
38,2,0,0,2.8483193,34.63698,0,2.7414289,0,0,1.314033,0,0,0.91090405,6.3763285,0,0.8617288,0,16.285372,0.24128406,0,0
39,2,0,0,2.9466395,33.69034,0,2.8483193,0,0,1.3707144,0,0,0.9612952,6.7290664,0,0.91090405,0,17.196276,0.25505313,0,0
40,2,0,0,3.0343108,32.65603,0,2.9466395,0,0,1.4241596,0,0,1.0124726,7.0873084,0,0.9612952,0,18.157572,0.26916265,0,0
41,2,0,0,3.1093695,31.54666,0,3.0343108,0,0,1.4733198,0,0,1.0639335,7.4475346,0,1.0124726,0,19.170044,0.28349233,0,0
42,2,0,0,3.1700737,30.376587,0,3.1093695,0,0,1.5171554,0,0,1.1151068,7.805748,0,1.0639335,0,20.233978,0.29790136,0,0
43,2,0,0,3.2150097,29.161577,0,3.1700737,0,0,1.5546848,0,0,1.165363,8.15754,0,1.1151068,0,21.349085,0.3122299,0,0
44,2,0,0,3.2431922,27.918385,0,3.2150097,0,0,1.5850369,0,0,1.2140281,8.498197,0,1.165363,0,22.514448,0.3263016,0,0
45,2,0,0,3.254139,26.664246,0,3.2431922,0,0,1.6075048,0,0,1.2604042,8.822829,0,1.2140281,0,23.728476,0.33992785,0,0
46,2,0,0,3.247925,25.41632,0,3.254139,0,0,1.6215961,0,0,1.3037918,9.126542,0,1.2604042,0,24.98888,0.35291317,0,0
47,2,0,0,3.2251937,24.191128,0,3.247925,0,0,1.6270695,0,0,1.3435173,9.404621,0,1.3037918,0,26.292671,0.36506167,0,0
48,2,0,0,3.1871257,23.004002,0,3.2251937,0,0,1.6239625,0,0,1.3789613,9.652729,0,1.3435173,0,27.636189,0.37618485,0,0
49,2,0,0,3.1353755,21.868626,0,3.1871257,0,0,1.6125969,0,0,1.4095864,9.8671055,0,1.3789613,0,29.01515,0.38610914,0,0
50,2,0,0,3.071965,20.796661,0,3.1353755,0,0,1.5935628,0,0,1.4349627,10.044739,0,1.4095864,0,30.424736,0.39468423,0,0
51,2,0,0,2.9991608,19.7975,0,3.071965,0,0,1.5676877,0,0,1.4547877,10.183514,0,1.4349627,0,31.8597,0.40178955,0,0
52,2,0,0,2.9193358,18.878164,0,2.9991608,0,0,1.5359825,0,0,1.4689002,10.282301,0,1.4547877,0,33.314487,0.40734053,0,0
53,2,0,0,2.8348408,18.043324,0,2.9193358,0,0,1.4995804,0,0,1.4772854,10.340998,0,1.4689002,0,34.783386,0.41129202,0,0
54,2,0,0,2.7478864,17.295437,0,2.8348408,0,0,1.4596679,0,0,1.4800723,10.360506,0,1.4772854,0,36.260674,0.4136399,0,0
55,2,0,0,2.6604543,16.634983,0,2.7478864,0,0,1.4174204,0,0,1.4775218,10.342652,0,1.4800723,0,37.740746,0.41442025,0,0
56,2,0,0,2.574238,16.060745,0,2.6604543,0,0,1.3739432,0,0,1.4700091,10.290064,0,1.4775218,0,39.218266,0.4137061,0,0
57,2,0,0,2.4906135,15.570131,0,2.574238,0,0,1.3302271,0,0,1.4580009,10.206006,0,1.4700091,0,40.688274,0.41160256,0,0
58,2,0,0,2.410637,15.159494,0,2.4906135,0,0,1.287119,0,0,1.4420291,10.094204,0,1.4580009,0,42.146275,0.40824023,0,0
59,2,0,0,2.3350654,14.824429,0,2.410637,0,0,1.2453067,0,0,1.4226654,9.958657,0,1.4420291,0,43.588303,0.40376815,0,0
60,2,0,0,2.2643895,14.5600395,0,2.3350654,0,0,1.2053185,0,0,1.4004955,9.803469,0,1.4226654,0,45.010967,0.39834628,0,0
61,2,0,0,2.1988769,14.361162,0,2.2643895,0,0,1.1675327,0,0,1.3760984,9.6326885,0,1.4004955,0,46.41146,0.39213875,0,0
62,2,0,0,2.1386151,14.222548,0,2.1988769,0,0,1.1321948,0,0,1.3500277,9.450193,0,1.3760984,0,47.78756,0.38530752,0,0
63,2,0,0,2.0835567,14.13899,0,2.1386151,0,0,1.0994384,0,0,1.3227985,9.259589,0,1.3500277,0,49.13759,0.37800774,0,0
64,2,0,0,2.0335543,14.105436,0,2.0835567,0,0,1.0693076,0,0,1.2948785,9.06415,0,1.3227985,0,50.46039,0.37038356,0,0
65,2,0,0,1.9883963,14.11704,0,2.0335543,0,0,1.0417783,0,0,1.2666821,8.8667755,0,1.2948785,0,51.75527,0.362566,0,0
66,2,0,0,1.9478301,14.169209,0,1.9883963,0,0,1.0167772,0,0,1.2385693,8.669985,0,1.2666821,0,53.02195,0.354671,0,0
67,2,0,0,1.9115832,14.257626,0,1.9478301,0,0,0.99419814,0,0,1.2108452,8.475917,0,1.2385693,0,54.26052,0.34679937,0,0
68,2,0,0,1.8793781,14.378247,0,1.9115832,0,0,0.97391504,0,0,1.1837643,8.28635,0,1.2108452,0,55.471367,0.33903667,0,0
69,2,0,0,1.850942,14.527305,0,1.8793781,0,0,0.9557916,0,0,1.1575332,8.102732,0,1.1837643,0,56.655132,0.331454,0,0
70,2,0,0,1.8260139,14.701292,0,1.850942,0,0,0.93968904,0,0,1.1323154,7.9262075,0,1.1575332,0,57.812664,0.32410926,0,0
71,2,0,0,1.8043478,14.896944,0,1.8260139,0,0,0.925471,0,0,1.108237,7.757659,0,1.1323154,0,58.94498,0.31704828,0,0
72,2,0,0,1.7857157,15.111228,0,1.8043478,0,0,0.91300696,0,0,1.0853913,7.597739,0,1.108237,0,60.05322,0.31030634,0,0
73,2,0,0,1.7699076,15.341321,0,1.7857157,0,0,0.9021739,0,0,1.0638433,7.4469028,0,1.0853913,0,61.13861,0.30390957,0,0
74,2,0,0,1.756731,15.584589,0,1.7699076,0,0,0.89285785,0,0,1.0436345,7.305442,0,1.0638433,0,62.202454,0.2978761,0,0
75,2,0,0,1.7460096,15.838579,0,1.756731,0,0,0.8849538,0,0,1.0247874,7.173512,0,1.0436345,0,63.24609,0.29221767,0,0
76,2,0,0,1.7375827,16.100996,0,1.7460096,0,0,0.8783655,0,0,1.0073082,7.051158,0,1.0247874,0,64.270874,0.2869405,0,0
77,2,0,0,1.7313029,16.369694,0,1.7375827,0,0,0.8730048,0,0,0.99119043,6.938333,0,1.0073082,0,65.27818,0.28204632,0,0
78,2,0,0,1.7270349,16.642658,0,1.7313029,0,0,0.86879134,0,0,0.97641724,6.834921,0,0.99119043,0,66.26937,0.27753332,0,0
79,2,0,0,1.724653,16.918005,0,1.7270349,0,0,0.8656514,0,0,0.96296406,6.7407484,0,0.97641724,0,67.24579,0.27339682,0,0
80,2,0,0,1.7240407,17.193964,0,1.724653,0,0,0.86351746,0,0,0.9508,6.6556,0,0.96296406,0,68.208755,0.26962993,0,0
81,2,0,0,1.725089,17.468876,0,1.7240407,0,0,0.8623265,0,0,0.93988967,6.5792274,0,0.9508,0,69.15955,0.266224,0,0
82,2,0,0,1.727694,17.741182,0,1.725089,0,0,0.8620204,0,0,0.93019426,6.5113597,0,0.93988967,0,70.09944,0.26316908,0,0
83,2,0,0,1.7317563,18.009426,0,1.727694,0,0,0.8625445,0,0,0.9216725,6.451708,0,0.93019426,0,71.02963,0.2604544,0,0
84,2,0,0,1.737181,18.272245,0,1.7317563,0,0,0.863847,0,0,0.91428155,6.399971,0,0.9216725,0,71.9513,0.2580683,0,0
85,2,0,0,1.7438747,18.52837,0,1.737181,0,0,0.86587816,0,0,0.9079772,6.3558407,0,0.91428155,0,72.865585,0.25599882,0,0
86,2,0,0,1.7517462,18.776623,0,1.7438747,0,0,0.8685905,0,0,0.90271485,6.319004,0,0.9079772,0,73.77356,0.25423363,0,0
87,2,0,0,1.7607054,19.015917,0,1.7517462,0,0,0.87193733,0,0,0.8984493,6.289145,0,0.90271485,0,74.67628,0.25276014,0,0
88,2,0,0,1.7706621,19.245255,0,1.7607054,0,0,0.8758731,0,0,0.8951353,6.265947,0,0.8984493,0,75.57473,0.25156578,0,0
89,2,0,0,1.7815263,19.463728,0,1.7706621,0,0,0.8803527,0,0,0.8927275,6.2490926,0,0.8951353,0,76.469864,0.25063786,0,0
90,2,0,0,1.7932075,19.67052,0,1.7815263,0,0,0.88533103,0,0,0.89118063,6.2382646,0,0.8927275,0,77.362595,0.2499637,0,0
91,2,0,0,1.8056145,19.864906,0,1.7932075,0,0,0.89076316,0,0,0.89044946,6.233146,0,0.89118063,0,78.25378,0.24953058,0,0
92,2,0,0,1.8186542,20.046251,0,1.8056145,0,0,0.89660376,0,0,0.8904887,6.233421,0,0.89044946,0,79.144226,0.24932584,0,0
93,2,0,0,1.8322334,20.214018,0,1.8186542,0,0,0.90280724,0,0,0.89125305,6.2387714,0,0.8904887,0,80.03471,0.24933682,0,0
94,2,0,0,1.8462576,20.36776,0,1.8322334,0,0,0.9093271,0,0,0.89269733,6.2488813,0,0.89125305,0,80.925964,0.24955085,0,0
95,2,0,0,1.8606311,20.507128,0,1.8462576,0,0,0.9161167,0,0,0.89477605,6.2634325,0,0.89269733,0,81.818665,0.24995525,0,0
96,2,0,0,1.8752583,20.63187,0,1.8606311,0,0,0.9231288,0,0,0.89744365,6.2821054,0,0.89477605,0,82.71344,0.2505373,0,0
97,2,0,0,1.8900425,20.741827,0,1.8752583,0,0,0.93031555,0,0,0.90065426,6.3045797,0,0.89744365,0,83.610886,0.2512842,0,0
98,2,0,0,1.9048873,20.836939,0,1.8900425,0,0,0.93762916,0,0,0.9043619,6.3305335,0,0.90065426,0,84.51154,0.25218317,0,0
99,2,0,0,1.9196972,20.917242,0,1.9048873,0,0,0.9450213,0,0,0.90852034,6.3596425,0,0.9043619,0,85.41591,0.25322133,0,0
100,2,0,0,1.9343781,20.982864,0,1.9196972,0,0,0.95244366,0,0,0.91308296,6.3915806,0,0.90852034,0,86.32443,0.25438568,0,0
101,2,0,0,1.9488373,21.034027,0,1.9343781,0,0,0.9598486,0,0,0.918003,6.426021,0,0.91308296,0,87.23752,0.25566322,0,0
102,2,0,0,1.9629844,21.071043,0,1.9488373,0,0,0.9671891,0,0,0.9232337,6.462636,0,0.918003,0,88.15552,0.25704083,0,0
103,2,0,0,1.9767333,21.094309,0,1.9629844,0,0,0.97441864,0,0,0.9287281,6.5010967,0,0.9232337,0,89.07875,0.25850543,0,0
104,2,0,0,1.9900014,21.104307,0,1.9767333,0,0,0.9814922,0,0,0.9344394,6.5410757,0,0.9287281,0,90.00748,0.26004386,0,0
105,2,0,0,2.002711,21.101597,0,1.9900014,0,0,0.98836666,0,0,0.94032097,6.582247,0,0.9344394,0,90.94192,0.26164302,0,0
106,2,0,0,2.0147905,21.086807,0,2.002711,0,0,0.9950007,0,0,0.9463267,6.6242867,0,0.94032097,0,91.88224,0.26328987,0,0
107,2,0,0,2.026174,21.060633,0,2.0147905,0,0,1.0013555,0,0,0.95241094,6.666877,0,0.9463267,0,92.82857,0.26497146,0,0
108,2,0,0,2.0368032,21.02383,0,2.026174,0,0,1.0073953,0,0,0.95852906,6.7097034,0,0.95241094,0,93.780975,0.26667506,0,0
109,2,0,0,2.046627,20.977203,0,2.0368032,0,0,1.013087,0,0,0.96463734,6.7524614,0,0.95852906,0,94.7395,0.26838812,0,0
110,2,0,0,2.0556028,20.9216,0,2.046627,0,0,1.0184016,0,0,0.9706936,6.794855,0,0.96463734,0,95.70414,0.27009845,0,0
111,2,0,0,2.0636961,20.857904,0,2.0556028,0,0,1.0233135,0,0,0.9766571,6.8366,0,0.9706936,0,96.674835,0.2717942,0,0
112,2,0,0,2.0708818,20.787022,0,2.0636961,0,0,1.0278014,0,0,0.98248917,6.8774242,0,0.9766571,0,97.65149,0.273464,0,0
113,2,0,0,2.0771434,20.709879,0,2.0708818,0,0,1.0318481,0,0,0.9881532,6.9170723,0,0.98248917,0,98.63398,0.27509695,0,0
114,2,0,0,2.0824728,20.627407,0,2.0771434,0,0,1.0354409,0,0,0.99361503,6.955305,0,0.9881532,0,99.62213,0.27668288,0,0
115,2,0,0,2.086872,20.540535,0,2.0824728,0,0,1.0385717,0,0,0.99884325,6.991903,0,0.99361503,0,100.615746,0.2782122,0,0
116,2,0,0,2.0903506,20.450184,0,2.086872,0,0,1.0412364,0,0,1.0038093,7.026665,0,0.99884325,0,101.614586,0.2796761,0,0
117,2,0,0,2.0929267,20.357258,0,2.0903506,0,0,1.043436,0,0,1.0084877,7.059414,0,1.0038093,0,102.61839,0.2810666,0,0
118,2,0,0,2.0946262,20.262632,0,2.0929267,0,0,1.0451753,0,0,1.0128562,7.0899935,0,1.0084877,0,103.62688,0.28237656,0,0
119,2,0,0,2.0954819,20.16715,0,2.0946262,0,0,1.0464634,0,0,1.0168961,7.118273,0,1.0128562,0,104.63973,0.28359973,0,0
120,2,0,0,2.0955327,20.071617,0,2.0954819,0,0,1.0473131,0,0,1.020592,7.144144,0,1.0168961,0,105.65663,0.2847309,0,0
121,2,0,0,2.0948238,19.976793,0,2.0955327,0,0,1.0477409,0,0,1.0239321,7.167525,0,1.020592,0,106.67722,0.28576577,0,0
122,2,0,0,2.093405,19.883389,0,2.0948238,0,0,1.0477663,0,0,1.0269082,7.1883574,0,1.0239321,0,107.70116,0.286701,0,0
123,2,0,0,2.0913298,19.792059,0,2.093405,0,0,1.0474119,0,0,1.0295155,7.206609,0,1.0269082,0,108.728065,0.2875343,0,0
124,2,0,0,2.0886548,19.703403,0,2.0913298,0,0,1.0467025,0,0,1.0317526,7.222268,0,1.0295155,0,109.75758,0.28826433,0,0
125,2,0,0,2.0854392,19.617964,0,2.0886548,0,0,1.0456649,0,0,1.0336213,7.235349,0,1.0317526,0,110.78934,0.28889072,0,0
126,2,0,0,2.081743,19.53622,0,2.0854392,0,0,1.0443274,0,0,1.0351268,7.2458878,0,1.0336213,0,111.82296,0.28941396,0,0
127,2,0,0,2.0776277,19.458593,0,2.081743,0,0,1.0427196,0,0,1.0362769,7.2539387,0,1.0351268,0,112.858086,0.2898355,0,0
128,2,0,0,2.0731542,19.385439,0,2.0776277,0,0,1.0408715,0,0,1.0370823,7.2595763,0,1.0362769,0,113.89436,0.29015753,0,0
129,2,0,0,2.068382,19.317057,0,2.0731542,0,0,1.0388138,0,0,1.0375559,7.262892,0,1.0370823,0,114.93144,0.29038304,0,0
130,2,0,0,2.0633707,19.253685,0,2.068382,0,0,1.0365771,0,0,1.0377132,7.2639923,0,1.0375559,0,115.969,0.29051566,0,0
131,2,0,0,2.0581763,19.195509,0,2.0633707,0,0,1.034191,0,0,1.0375712,7.2629986,0,1.0377132,0,117.006714,0.29055968,0,0
132,2,0,0,2.0528536,19.142654,0,2.0581763,0,0,1.0316854,0,0,1.0371487,7.260041,0,1.0375712,0,118.04429,0.29051992,0,0
133,2,0,0,2.047454,19.0952,0,2.0528536,0,0,1.0290881,0,0,1.0364659,7.2552614,0,1.0371487,0,119.081436,0.29040164,0,0
134,2,0,0,2.0420268,19.053173,0,2.047454,0,0,1.0264268,0,0,1.0355437,7.248806,0,1.0364659,0,120.117905,0.29021046,0,0
135,2,0,0,2.036617,19.016556,0,2.0420268,0,0,1.023727,0,0,1.034404,7.2408285,0,1.0355437,0,121.15345,0.28995225,0,0
136,2,0,0,2.0312657,18.98529,0,2.036617,0,0,1.0210134,0,0,1.0330695,7.2314863,0,1.034404,0,122.18785,0.28963313,0,0
137,2,0,0,2.0260117,18.959278,0,2.0312657,0,0,1.0183085,0,0,1.0315624,7.2209373,0,1.0330695,0,123.22092,0.28925943,0,0
138,2,0,0,2.0208895,18.938389,0,2.0260117,0,0,1.0156329,0,0,1.0299057,7.2093396,0,1.0315624,0,124.25248,0.2888375,0,0
139,2,0,0,2.0159307,18.922459,0,2.0208895,0,0,1.0130059,0,0,1.0281216,7.1968513,0,1.0299057,0,125.28239,0.2883736,0,0
140,2,0,0,2.0111616,18.911297,0,2.0159307,0,0,1.0104448,0,0,1.0262321,7.1836247,0,1.0281216,0,126.31051,0.28787404,0,0
141,2,0,0,2.0066066,18.90469,0,2.0111616,0,0,1.0079653,0,0,1.0242587,7.1698112,0,1.0262321,0,127.33674,0.287345,0,0
142,2,0,0,2.002286,18.902405,0,2.0066066,0,0,1.0055808,0,0,1.022222,7.1555543,0,1.0242587,0,128.361,0.28679246,0,0
143,2,0,0,1.9982173,18.904188,0,2.002286,0,0,1.0033033,0,0,1.0201418,7.140993,0,1.022222,0,129.38321,0.28622216,0,0
144,2,0,0,1.994414,18.909775,0,1.9982173,0,0,1.001143,0,0,1.0180371,7.12626,0,1.0201418,0,130.40335,0.28563973,0,0
145,2,0,0,1.9908875,18.918888,0,1.994414,0,0,0.9991087,0,0,1.0159254,7.111478,0,1.0180371,0,131.42139,0.2850504,0,0
146,2,0,0,1.9876457,18.931242,0,1.9908875,0,0,0.997207,0,0,1.0138233,7.0967627,0,1.0159254,0,132.43732,0.2844591,0,0
147,2,0,0,1.9846942,18.946548,0,1.9876457,0,0,0.99544376,0,0,1.0117462,7.082223,0,1.0138233,0,133.45114,0.2838705,0,0
148,2,0,0,1.9820356,18.964512,0,1.9846942,0,0,0.9938229,0,0,1.0097083,7.067958,0,1.0117462,0,134.46289,0.28328893,0,0
149,2,0,0,1.9796714,18.98484,0,1.9820356,0,0,0.9923471,0,0,1.0077226,7.054058,0,1.0097083,0,135.4726,0.2827183,0,0
150,2,0,0,1.9775995,19.00724,0,1.9796714,0,0,0.9910178,0,0,1.0058006,7.040604,0,1.0077226,0,136.48032,0.2821623,0,0
151,2,0,0,1.9758171,19.031424,0,1.9775995,0,0,0.9898357,0,0,1.0039527,7.027669,0,1.0058006,0,137.48611,0.28162417,0,0
152,2,0,0,1.9743191,19.057104,0,1.9758171,0,0,0.98879975,0,0,1.0021881,7.0153165,0,1.0039527,0,138.49007,0.28110674,0,0
153,2,0,0,1.973098,19.084005,0,1.9743191,0,0,0.98790854,0,0,1.0005145,7.0036016,0,1.0021881,0,139.49225,0.28061265,0,0
154,2,0,0,1.9721462,19.111858,0,1.973098,0,0,0.98715955,0,0,0.99893874,6.9925714,0,1.0005145,0,140.49277,0.28014407,0,0
155,2,0,0,1.971454,19.140404,0,1.9721462,0,0,0.986549,0,0,0.9974664,6.9822645,0,0.99893874,0,141.4917,0.27970284,0,0
156,2,0,0,1.9710103,19.169394,0,1.971454,0,0,0.9860731,0,0,0.9961017,6.9727116,0,0.9974664,0,142.48917,0.2792906,0,0
157,2,0,0,1.9708042,19.19859,0,1.9710103,0,0,0.985727,0,0,0.9948481,6.9639363,0,0.9961017,0,143.48528,0.27890846,0,0
158,2,0,0,1.970822,19.227768,0,1.9708042,0,0,0.98550516,0,0,0.9937079,6.9559555,0,0.9948481,0,144.48012,0.27855745,0,0
159,2,0,0,1.971051,19.256718,0,1.970822,0,0,0.9854021,0,0,0.9926826,6.948778,0,0.9937079,0,145.47383,0.2782382,0,0
160,2,0,0,1.971477,19.28524,0,1.971051,0,0,0.985411,0,0,0.99177253,6.9424076,0,0.9926826,0,146.4665,0.27795112,0,0
161,2,0,0,1.9720854,19.313154,0,1.971477,0,0,0.9855255,0,0,0.99097735,6.9368415,0,0.99177253,0,147.45828,0.2776963,0,0
162,2,0,0,1.9728615,19.340292,0,1.9720854,0,0,0.9857385,0,0,0.9902959,6.932071,0,0.99097735,0,148.44926,0.27747366,0,0
163,2,0,0,1.9737896,19.366503,0,1.9728615,0,0,0.9860427,0,0,0.9897262,6.9280834,0,0.9902959,0,149.43956,0.27728283,0,0
164,2,0,0,1.9748548,19.391647,0,1.9737896,0,0,0.98643076,0,0,0.98926574,6.92486,0,0.9897262,0,150.42929,0.27712333,0,0
165,2,0,0,1.9760414,19.415606,0,1.9748548,0,0,0.9868948,0,0,0.98891133,6.9223795,0,0.98926574,0,151.41856,0.2769944,0,0
166,2,0,0,1.9773343,19.43827,0,1.9760414,0,0,0.9874274,0,0,0.98865926,6.9206147,0,0.98891133,0,152.40747,0.27689517,0,0
167,2,0,0,1.9787178,19.459553,0,1.9773343,0,0,0.9880207,0,0,0.98850524,6.9195366,0,0.98865926,0,153.39613,0.2768246,0,0
168,2,0,0,1.9801774,19.479376,0,1.9787178,0,0,0.98866713,0,0,0.9884447,6.9191127,0,0.98850524,0,154.38464,0.27678147,0,0
169,2,0,0,1.9816977,19.497679,0,1.9801774,0,0,0.9893589,0,0,0.98847246,6.919307,0,0.9884447,0,155.3731,0.2767645,0,0
170,2,0,0,1.9832649,19.514414,0,1.9816977,0,0,0.9900887,0,0,0.98858327,6.920083,0,0.98847246,0,156.36157,0.2767723,0,0
171,2,0,0,1.9848645,19.529549,0,1.9832649,0,0,0.99084884,0,0,0.98877144,6.9214,0,0.98858327,0,157.35016,0.2768033,0,0
172,2,0,0,1.9864835,19.543066,0,1.9848645,0,0,0.99163246,0,0,0.98903114,6.923218,0,0.98877144,0,158.33893,0.276856,0,0
173,2,0,0,1.9881091,19.554956,0,1.9864835,0,0,0.99243224,0,0,0.9893563,6.925494,0,0.98903114,0,159.32796,0.2769287,0,0
174,2,0,0,1.9897287,19.565228,0,1.9881091,0,0,0.9932417,0,0,0.9897408,6.9281855,0,0.9893563,0,160.3173,0.27701977,0,0
175,2,0,0,1.9913315,19.573896,0,1.9897287,0,0,0.99405456,0,0,0.9901784,6.9312487,0,0.9897408,0,161.30705,0.27712741,0,0
176,2,0,0,1.9929061,19.58099,0,1.9913315,0,0,0.99486434,0,0,0.99066293,6.9346404,0,0.9901784,0,162.29723,0.27724993,0,0
177,2,0,0,1.9944426,19.586548,0,1.9929061,0,0,0.9956657,0,0,0.9911881,6.938317,0,0.99066293,0,163.28789,0.27738562,0,0
178,2,0,0,1.9959327,19.590614,0,1.9944426,0,0,0.99645305,0,0,0.9917478,6.9422345,0,0.9911881,0,164.27908,0.27753267,0,0
179,2,0,0,1.9973669,19.593246,0,1.9959327,0,0,0.9972213,0,0,0.9923359,6.9463515,0,0.9917478,0,165.27083,0.27768937,0,0
180,2,0,0,1.9987383,19.59451,0,1.9973669,0,0,0.99796635,0,0,0.9929466,6.9506264,0,0.9923359,0,166.26317,0.27785406,0,0
181,2,0,0,2.0000405,19.59447,0,1.9987383,0,0,0.99868345,0,0,0.9935741,6.9550185,0,0.9929466,0,167.25612,0.27802506,0,0
182,2,0,0,2.001268,19.5932,0,2.0000405,0,0,0.99936914,0,0,0.99421275,6.9594893,0,0.9935741,0,168.2497,0.27820075,0,0
183,2,0,0,2.0024147,19.590786,0,2.001268,0,0,1.0000203,0,0,0.9948573,6.964001,0,0.99421275,0,169.24391,0.27837956,0,0
184,2,0,0,2.0034778,19.587309,0,2.0024147,0,0,1.000634,0,0,0.9955027,6.968519,0,0.9948573,0,170.23877,0.27856004,0,0
185,2,0,0,2.004454,19.582855,0,2.0034778,0,0,1.0012074,0,0,0.9961442,6.973009,0,0.9955027,0,171.23427,0.27874076,0,0
186,2,0,0,2.0053406,19.577515,0,2.004454,0,0,1.0017389,0,0,0.99677706,6.9774394,0,0.9961442,0,172.23041,0.27892035,0,0
187,2,0,0,2.006136,19.571379,0,2.0053406,0,0,1.002227,0,0,0.9973973,6.981781,0,0.99677706,0,173.22719,0.27909756,0,0
188,2,0,0,2.0068398,19.564539,0,2.006136,0,0,1.0026703,0,0,0.998001,6.9860067,0,0.9973973,0,174.22458,0.27927125,0,0
189,2,0,0,2.0074518,19.557087,0,2.0068398,0,0,1.003068,0,0,0.9985846,6.9900923,0,0.998001,0,175.22258,0.27944025,0,0
190,2,0,0,2.0079727,19.549114,0,2.0074518,0,0,1.0034199,0,0,0.99914503,6.994015,0,0.9985846,0,176.22116,0.2796037,0,0
191,2,0,0,2.008404,19.54071,0,2.0079727,0,0,1.0037259,0,0,0.9996794,6.9977555,0,0.99914503,0,177.2203,0.2797606,0,0
192,2,0,0,2.0087473,19.531963,0,2.008404,0,0,1.0039864,0,0,1.0001851,7.001296,0,0.9996794,0,178.21999,0.2799102,0,0
193,2,0,0,2.0090053,19.522959,0,2.0087473,0,0,1.004202,0,0,1.0006603,7.004622,0,1.0001851,0,179.22017,0.28005183,0,0
194,2,0,0,2.0091813,19.513777,0,2.0090053,0,0,1.0043737,0,0,1.001103,7.0077214,0,1.0006603,0,180.22083,0.28018486,0,0
195,2,0,0,2.0092783,19.504498,0,2.0091813,0,0,1.0045027,0,0,1.0015119,7.0105834,0,1.001103,0,181.22192,0.28030884,0,0
196,2,0,0,2.0093002,19.495197,0,2.0092783,0,0,1.0045906,0,0,1.0018858,7.0132003,0,1.0015119,0,182.22343,0.28042334,0,0
197,2,0,0,2.0092516,19.485947,0,2.0093002,0,0,1.0046391,0,0,1.0022238,7.015567,0,1.0018858,0,183.22533,0.280528,0,0
198,2,0,0,2.0091367,19.47681,0,2.0092516,0,0,1.0046501,0,0,1.0025258,7.0176806,0,1.0022238,0,184.22755,0.28062266,0,0
199,2,0,0,2.00896,19.46785,0,2.0091367,0,0,1.0046258,0,0,1.0027914,7.01954,0,1.0025258,0,185.23009,0.2807072,0,0
200,2,0,0,2.0087268,19.459124,0,2.00896,0,0,1.0045683,0,0,1.0030208,7.0211453,0,1.0027914,0,186.23288,0.2807816,0,0
201,2,0,0,2.0084424,19.450682,0,2.0087268,0,0,1.00448,0,0,1.0032142,7.0224996,0,1.0030208,0,187.2359,0.28084582,0,0
202,2,0,0,2.0081115,19.44257,0,2.0084424,0,0,1.0043634,0,0,1.0033724,7.0236073,0,1.0032142,0,188.23912,0.28089997,0,0
203,2,0,0,2.007739,19.43483,0,2.0081115,0,0,1.0042212,0,0,1.0034963,7.024474,0,1.0033724,0,189.2425,0.2809443,0,0
204,2,0,0,2.007331,19.427498,0,2.007739,0,0,1.0040557,0,0,1.0035869,7.0251083,0,1.0034963,0,190.24599,0.28097895,0,0
205,2,0,0,2.006892,19.420607,0,2.007331,0,0,1.0038695,0,0,1.0036455,7.025519,0,1.0035869,0,191.24957,0.28100434,0,0
206,2,0,0,2.0064278,19.414179,0,2.006892,0,0,1.0036654,0,0,1.0036736,7.025715,0,1.0036455,0,192.25322,0.28102076,0,0
207,2,0,0,2.005943,19.408236,0,2.0064278,0,0,1.003446,0,0,1.0036726,7.025708,0,1.0036736,0,193.2569,0.2810286,0,0
208,2,0,0,2.0054421,19.402794,0,2.005943,0,0,1.0032139,0,0,1.0036442,7.02551,0,1.0036726,0,194.26057,0.28102833,0,0
209,2,0,0,2.0049305,19.397863,0,2.0054421,0,0,1.0029715,0,0,1.0035905,7.025133,0,1.0036442,0,195.26422,0.28102037,0,0
210,2,0,0,2.004412,19.393452,0,2.0049305,0,0,1.0027211,0,0,1.0035131,7.0245914,0,1.0035905,0,196.2678,0.28100532,0,0
211,2,0,0,2.0038912,19.38956,0,2.004412,0,0,1.0024652,0,0,1.003414,7.023898,0,1.0035131,0,197.27132,0.28098366,0,0
212,2,0,0,2.0033724,19.386189,0,2.0038912,0,0,1.002206,0,0,1.0032954,7.023068,0,1.003414,0,198.27473,0.2809559,0,0
213,2,0,0,2.0028586,19.38333,0,2.0033724,0,0,1.0019456,0,0,1.0031593,7.0221148,0,1.0032954,0,199.27803,0.2809227,0,0
214,2,0,0,2.0023544,19.380976,0,2.0028586,0,0,1.0016862,0,0,1.0030075,7.021053,0,1.0031593,0,200.28119,0.2808846,0,0
215,2,0,0,2.0018623,19.379114,0,2.0023544,0,0,1.0014293,0,0,1.0028424,7.019897,0,1.0030075,0,201.2842,0.2808421,0,0
216,2,0,0,2.001385,19.37773,0,2.0018623,0,0,1.0011772,0,0,1.0026658,7.0186605,0,1.0028424,0,202.28703,0.28079587,0,0
217,2,0,0,2.000926,19.376804,0,2.001385,0,0,1.0009311,0,0,1.0024797,7.017358,0,1.0026658,0,203.2897,0.28074643,0,0
218,2,0,0,2.000487,19.376318,0,2.000926,0,0,1.0006925,0,0,1.0022861,7.0160027,0,1.0024797,0,204.29219,0.2806943,0,0
219,2,0,0,2.00007,19.376247,0,2.000487,0,0,1.000463,0,0,1.0020869,7.0146084,0,1.0022861,0,205.29448,0.2806401,0,0
220,2,0,0,1.9996774,19.37657,0,2.00007,0,0,1.0002435,0,0,1.001884,7.013188,0,1.0020869,0,206.29657,0.28058434,0,0
221,2,0,0,1.9993101,19.37726,0,1.9996774,0,0,1.000035,0,0,1.001679,7.0117526,0,1.001884,0,207.29845,0.2805275,0,0
222,2,0,0,1.9989698,19.37829,0,1.9993101,0,0,0.9998387,0,0,1.0014734,7.010314,0,1.001679,0,208.30013,0.2804701,0,0
223,2,0,0,1.9986571,19.379633,0,1.9989698,0,0,0.99965507,0,0,1.0012691,7.0088835,0,1.0014734,0,209.3016,0.28041255,0,0
224,2,0,0,1.9983726,19.38126,0,1.9986571,0,0,0.9994849,0,0,1.0010673,7.007471,0,1.0012691,0,210.30287,0.28035533,0,0
225,2,0,0,1.9981167,19.383142,0,1.9983726,0,0,0.99932855,0,0,1.0008695,7.0060863,0,1.0010673,0,211.30394,0.28029883,0,0
226,2,0,0,1.9978899,19.385252,0,1.9981167,0,0,0.9991863,0,0,1.0006769,7.004738,0,1.0008695,0,212.30481,0.28024346,0,0
227,2,0,0,1.9976923,19.38756,0,1.9978899,0,0,0.99905837,0,0,1.0004905,7.0034337,0,1.0006769,0,213.30548,0.2801895,0,0
228,2,0,0,1.9975233,19.390038,0,1.9976923,0,0,0.99894494,0,0,1.0003115,7.0021806,0,1.0004905,0,214.30597,0.28013733,0,0
229,2,0,0,1.9973826,19.392654,0,1.9975233,0,0,0.9988462,0,0,1.0001407,7.0009847,0,1.0003115,0,215.30627,0.2800872,0,0
230,2,0,0,1.9972695,19.395386,0,1.9973826,0,0,0.99876165,0,0,0.99997884,6.9998517,0,1.0001407,0,216.30641,0.28003937,0,0
231,2,0,0,1.9971834,19.398203,0,1.9972695,0,0,0.9986913,0,0,0.99982667,6.998787,0,0.99997884,0,217.3064,0.27999407,0,0
232,2,0,0,1.9971234,19.40108,0,1.9971834,0,0,0.99863476,0,0,0.9996848,6.9977937,0,0.99982667,0,218.30623,0.27995148,0,0
233,2,0,0,1.997088,19.403992,0,1.9971234,0,0,0.9985917,0,0,0.99955356,6.996875,0,0.9996848,0,219.30591,0.27991173,0,0
234,2,0,0,1.9970762,19.406916,0,1.997088,0,0,0.9985617,0,0,0.99943334,6.996033,0,0.99955356,0,220.30547,0.27987498,0,0
235,2,0,0,1.9970868,19.409828,0,1.9970762,0,0,0.998544,0,0,0.9993244,6.9952707,0,0.99943334,0,221.3049,0.27984133,0,0
236,2,0,0,1.9971184,19.41271,0,1.9970868,0,0,0.9985381,0,0,0.9992268,6.994588,0,0.9993244,0,222.30423,0.27981082,0,0
237,2,0,0,1.9971693,19.41554,0,1.9971184,0,0,0.9985434,0,0,0.99914074,6.993985,0,0.9992268,0,223.30345,0.27978352,0,0
238,2,0,0,1.9972384,19.418303,0,1.9971693,0,0,0.9985592,0,0,0.99906605,6.9934626,0,0.99914074,0,224.3026,0.2797594,0,0
239,2,0,0,1.9973239,19.420979,0,1.9972384,0,0,0.9985846,0,0,0.9990027,6.993019,0,0.99906605,0,225.30167,0.2797385,0,0
240,2,0,0,1.997424,19.423555,0,1.9973239,0,0,0.9986192,0,0,0.9989505,6.9926534,0,0.9990027,0,226.30067,0.27972075,0,0
